Designator,Footprint,Quantity,Value,LCSC Part #
C1,0603,1,10u,
C10,0603,1,100n,
C11,0603,1,100n,
C12,0603,1,100n,
C13,0603,1,100n,
C14,0603,1,10u,
C15,0603,1,100n,
C16,0603,1,33p,
C17,0603,1,33p,
C2,0603,1,10u,
C3,0603,1,100n,
C4,0603,1,100n,
C5,0603,1,10u,
C6,0603,1,10u,
C7,0603,1,100n,
C8,0603,1,100n,
C9,0603,1,100n,
D1,TO-269AA,1,KMB24F,
J1,TestPoint_Pad_D2.0mm,1,T0,
"J10, J5",TestPoint_Pad_D2.0mm,2,2,
"J11, J6",TestPoint_Pad_D2.0mm,2,3,
J12,TestPoint_Pad_D2.0mm,1,4,
J13,TestPoint_Pad_D2.0mm,1,5,
J14,TestPoint_Pad_D2.0mm,1,+V,
J15,TestPoint_Pad_D2.0mm,1,M_OUT_B,
J16,TestPoint_Pad_D2.0mm,1,M_OUT_A,
J17,TestPoint_Pad_D2.0mm,1,GND,
J18,TestPoint_Pad_D2.0mm,1,SWCLK,
J19,TestPoint_Pad_D2.0mm,1,SWDIO,
J2,TestPoint_Pad_D2.0mm,1,T1,
J20,TestPoint_Pad_D2.0mm,1,RUN,
"J3, J8",TestPoint_Pad_D2.0mm,2,0,
"J4, J9",TestPoint_Pad_D2.0mm,2,1,
J7,TestPoint_Pad_D2.0mm,1,+3V3,
"Q1, Q2, Q3, Q4, Q5",SOT-23,5,T2N7002BK,
R1,0603,1,6k8,
R2,0603,1,6k8,
R3,0603,1,200,
R4,0603,1,DNF,
R5,0603,1,6k8,
R6,0603,1,6k8,
R7,0603,1,1k,
R8,0603,1,1k,
R9,0603,1,1k,
U1,SOT-23,1,PJ75AL33SA,
U2,SOIC-8-1EP_3.9x4.9mm_P1.27mm_EP2.41x3.3mm_ThermalVias,1,BDR6133,
U3,SOIC-8_5.23x5.23mm_P1.27mm,1,W25Q64JVSSIQ,
U4,QFN-56-1EP_7x7mm_P0.4mm_EP3.2x3.2mm,1,RP2040,
Y1,Crystal_SMD_3225-4Pin_3.2x2.5mm,1,X322512MSB4SI,
